{
    "env_id": "Ant-v2",
    "training_config": {
        "critic_lr": 0.0001,
        "robust_params": {
            "enabled": true,
            "strategy": [
                "actor_l2_reg",
                "use_sgld"
            ],
            "strategy_opts": {
                "actor_reg": 300.0
            },
            "eps_scheduler": {
                "end": 0.2
            }
        }
    },
    "test_config": {
        "attack_params": {
            "eps": 0.2,
            "sarsa_action_ratio": 0.9997
        },
        "sarsa_params": {
            "sarsa_reg": 0.3,
            "action_eps_scheduler": {
                "end": 0.15,
                "steps": 20000.0,
                "start_step": 20000.0
            },
            "num_steps": 60000.0,
            "eps_scheduler": {
                "steps": 20000.0,
                "start_step": 20000.0
            },
            "beta_scheduler": {
                "steps": 20000.0,
                "start_step": 20000.0
            }
        }
    },
    "data_config": {
        "method": "mean_std",
        "state_mean": [
            0.46155,
            0.59359,
            0.15462,
            0.0158,
            -0.06824,
            -0.14383,
            0.70718,
            -0.12577,
            -0.70134,
            -0.09187,
            -0.60783,
            -0.18677,
            0.66386,
            0.97356,
            -0.08609,
            -0.00097,
            0.00654,
            -0.00921,
            0.0181,
            0.00121,
            0.03508,
            0.02112,
            -0.02951,
            -0.00433,
            -0.0209,
            0.00927,
            0.03381,
            0.0,
            0.0,
            0.0,
            0.0,
            0.0,
            0.0,
            -0.00138,
            -0.01001,
            0.00017,
            -0.01652,
            -0.0001,
            0.26733,
            0.0,
            0.0,
            0.0,
            0.0,
            0.0,
            0.0,
            -0.00025,
            -0.00071,
            -3e-05,
            1e-05,
            0.00035,
            0.00804,
            0.0326,
            -0.03333,
            -0.00549,
            -0.00032,
            -0.00411,
            0.07648,
            0.0,
            0.0,
            0.0,
            0.0,
            0.0,
            0.0,
            -0.00092,
            -0.00043,
            0.00017,
            -0.00013,
            0.00015,
            0.0086,
            0.051,
            -0.00258,
            -0.01979,
            0.01561,
            0.00339,
            0.07251,
            0.0,
            0.0,
            0.0,
            0.0,
            0.0,
            0.0,
            0.00152,
            0.00522,
            0.00022,
            0.0013,
            0.0002,
            0.01693,
            -0.04214,
            0.03756,
            -0.00018,
            -0.0107,
            -0.00089,
            0.09848,
            0.0,
            0.0,
            0.0,
            0.0,
            0.0,
            0.0,
            0.00263,
            -0.00135,
            -0.00023,
            0.00061,
            -0.00109,
            0.01433,
            -0.03973,
            -0.01256,
            0.011,
            -0.0014,
            0.00039,
            0.08554
        ],
        "state_std": [
            0.16433,
            0.44116,
            0.41333,
            0.36275,
            0.34897,
            0.3929,
            0.24917,
            0.42846,
            0.26387,
            0.42392,
            0.21057,
            0.39986,
            0.2267,
            1.10477,
            0.6665,
            0.6753,
            1.14095,
            1.15099,
            1.55623,
            2.90407,
            2.61376,
            5.19045,
            1.98672,
            3.33538,
            1.29282,
            3.74981,
            2.21006,
            0.0,
            0.0,
            0.0,
            0.0,
            0.0,
            0.0,
            0.19163,
            0.19361,
            0.03786,
            0.30753,
            0.30636,
            0.4425,
            0.0,
            0.0,
            0.0,
            0.0,
            0.0,
            0.0,
            0.07389,
            0.07122,
            0.06886,
            0.07977,
            0.08114,
            0.08838,
            0.25413,
            0.25861,
            0.24655,
            0.26196,
            0.26338,
            0.26488,
            0.0,
            0.0,
            0.0,
            0.0,
            0.0,
            0.0,
            0.06797,
            0.06874,
            0.06381,
            0.07761,
            0.0779,
            0.08684,
            0.25202,
            0.25015,
            0.24977,
            0.2569,
            0.25471,
            0.25753,
            0.0,
            0.0,
            0.0,
            0.0,
            0.0,
            0.0,
            0.08224,
            0.08685,
            0.07459,
            0.09552,
            0.09376,
            0.11057,
            0.28689,
            0.27631,
            0.27319,
            0.28732,
            0.28473,
            0.2927,
            0.0,
            0.0,
            0.0,
            0.0,
            0.0,
            0.0,
            0.07759,
            0.07953,
            0.0727,
            0.0891,
            0.08748,
            0.10143,
            0.27404,
            0.25845,
            0.25787,
            0.26949,
            0.2652,
            0.27523
        ],
        "action_mean": [
            0.21375,
            -0.24229,
            0.03073,
            -0.32837,
            -0.13567,
            0.34759,
            0.14469,
            0.48335
        ],
        "action_std": [
            0.53092,
            0.40504,
            0.40731,
            0.48511,
            0.60245,
            0.32261,
            0.50005,
            0.38546
        ]
    },
    "__comment__": "See defaults.json for all parameters."
}
